,Dimension_1,Dimension_2
0,-0.6981533280618994,2.8416755094475663
1,0.25846116709397454,-4.290560496634356
2,1.6199681779119548,-2.861415293677032
3,0.31131525211367705,0.3829447164716505
4,-0.20903815643476928,0.2791578132419771
5,3.0302593306229904,-1.904213696196397
6,-0.21059565037746497,2.91179889518287
7,-0.3435512200386308,-0.4279738778292644
8,4.000376295139815,-2.846141412152586
9,1.6625643884487662,-2.885040461771072
10,1.563787812467351,-2.675386823877847
11,-0.061160046313646514,2.5547588189247996
12,1.1363128983060133,-0.09281305364292183
13,-0.5099746336260779,-0.6596282485154852
14,0.8057176491425262,-0.4449101926259189
15,0.7516542852171986,1.122592707068609
16,-1.993357773736273,-2.164493197358079
17,1.1332334476151764,-3.1880400795777155
18,1.2966691495908,-2.317472146636928
19,0.28048489955690364,1.4890579460278845
20,1.2405906458430356,0.9904401239488531
21,6.009623867884873,-3.0487045524905305
22,-1.8498991485942637,0.28575319755706874
23,1.825515652704013,-1.0446162264759495
24,-0.13478748503119328,1.6714930287838021
25,0.6833338586128023,1.0414342725929673
26,1.622653693448539,-1.6697197084118283
27,0.013660126915324628,1.611771180904368
28,1.7301088633721775,0.8777472810160697
29,1.4873134854671899,-2.678099624188221
30,0.22922239606438521,2.113888715362548
31,-1.944711210571123,1.618134601528123
32,-0.8332272222943522,1.0151708914172142
33,-0.7119124534163197,0.3254206583620621
34,2.6282532667355007,-1.7926899637126523
35,0.8889013907059704,-3.6273765791906363
36,2.0333365398460557,-1.4453417867217004
37,-0.44406368142252156,-0.4043590142491772
38,-0.656116062392429,-2.852480943769782
39,-1.0000881880035775,1.8652412328538754
40,1.2089532116630382,-3.780008369786027
41,-0.37430077006871604,0.5631384997751592
42,-0.2161072905033523,0.15961334205261057
43,2.448094794769536,-3.916865641941782
44,4.1205302230102,-3.654868842017131
45,-0.2723571755765835,-1.483324971868465
46,-3.659250463011324,1.791120358290766
47,0.19240421946290764,-1.7463446379112963
48,-1.2010317937815156,0.8027113414081148
49,-2.4540060170854714,0.13393202435429602
50,-2.6155147259857774,1.9871269163843566
51,-1.8429336104581946,1.270560305947566
52,-1.1210609969697958,-0.29755400149554984
53,4.7348910972901885,-2.9654147986006616
54,-0.8364796642285355,0.8269716525857036
55,-0.14879918753739438,2.541374468438631
56,-1.4093198150277355,0.39691861846797183
57,-2.2801619599484906,2.4408924625851816
58,0.890113960812231,-0.3600881658648526
59,-1.0791761203507095,2.6798768395600074
60,3.1024452114125833,-1.6456438111403175
61,0.9944333083626342,-3.705399977451266
62,0.5272549002051128,1.6214421298179034
63,-1.3628559390288135,0.6288073878941379
64,-0.832260873681257,2.47370326818603
65,-1.7851921425455117,0.042014441707643055
66,1.158128970779155,0.14849945165808243
67,-0.5186667023865277,-2.5230303931576294
68,-0.369324173538937,1.9200169615124554
69,0.9070635973314728,-5.1220295674388625
70,-0.10506112020567515,1.9163983611640667
71,-1.2801361918422522,0.852488055303412
72,-1.6485891552109315,0.7009915642045403
73,0.3292477687171623,1.3032000884167978
74,-2.2176768956649404,-0.17023833869376756
75,2.2776612142023236,-0.42643231960606975
76,-1.0957027119142426,2.866740978664576
77,-0.6365096926760718,1.547994216484276
78,1.8567827048245429,-2.608790682941043
79,3.414319351236137,-2.243480676937218
80,0.8306369933318377,1.9705799326053388
81,-0.6086214430712459,-2.40266915929683
82,1.1825695059215955,1.4253104831961982
83,-2.7013840558584237,0.11377091889783336
84,2.31552151290747,-1.2267625299078835
85,-0.553613018748611,-0.9172884222213431
86,-0.6364203514958369,3.278036854792126
87,1.294969045835563,-0.2785585767176142
88,-0.9223515979579983,-0.7071294687267222
89,-0.42449904299697067,1.603811958608031
90,-0.602812231522227,2.775449633543853
91,-2.097302722222851,2.891468629230673
92,-1.3807561119473006,2.1441770600007484
93,-2.080771521657311,1.1861296375586714
94,-0.48057757615346713,-0.5402349185709784
95,-1.294554987225779,1.4609980351820013
96,-0.8658599323619955,0.9143770552330065
97,-0.1852777292686698,-1.450252636807173
98,1.1901045027408559,-1.2201244339063544
99,-1.9116945678462696,-0.4244424906464143
100,-1.6024892625921765,0.9678334685871901
101,-1.9387964611035662,-0.7853026438393319
102,-2.3610862158304404,0.3839786798805184
103,-1.5262010534586106,0.05716014109564516
104,2.6959115842105192,-2.748310911453061
105,-1.7924665443778132,3.660854838798031
106,-1.228192985204085,1.3355479056048831
107,-0.6294253454798349,-0.08266067738004107
108,-0.3553003521142392,0.43534015392140585
109,0.3541150306068445,0.4861536937573227
110,-0.9809205829386937,0.45899850077992477
111,-0.9727962446777462,0.1924906023853764
112,-0.9576973875671971,0.45763410116544206
113,-1.997770281385874,1.2345144248011124
114,0.6413480096643561,1.7548244783767248
115,-2.4828848189487847,4.5740517697720104
116,1.393780421684791,-2.600699298403679
117,0.4362610262884719,-3.20818782800219
118,-2.406436901591777,5.506633953990047
119,-1.9485972270964143,0.7086644214048738
120,1.606066746590042,-0.0388774779605105
121,0.21388868674602837,1.4454812790287348
122,1.618557828267377,0.8591682122102068
123,0.04169530540305493,1.5334348613667161
124,-0.2893717986769055,0.3696517947682791
125,0.9133206178924725,-2.0472285760240925
126,-1.2607938783784567,0.3811367106898282
127,-1.5461899801979953,0.9630222785765535
128,2.7008119676093827,-1.7004945230170485
129,-2.2896726280839377,-0.7764600485366022
130,2.5667868150370685,0.9054893609366976
131,1.3797284023201806,0.04265675155552118
132,1.5521757723214602,-0.2842234520735727
133,-0.773051261084722,1.7556981239474991
134,0.13431129608398307,-1.5777178920989139
135,3.069296275320028,-0.7727909178917116
136,-1.3936745487124789,-1.0700115854040186
137,-0.31744691382017903,2.0275836774431006
138,2.2864445420238693,-1.5389019480922124
139,-0.5311552948028682,-2.4819899571409243
140,-0.5778851754468687,0.6900382995338712
141,-1.250778391029449,-0.0578390111758886
142,-2.6977998134201018,0.15704960922554917
143,-1.633801927115908,0.7503356595954748
144,-0.3713521910693878,1.0849438519673784
145,-1.2173142264354158,0.1237938950044143
146,1.633391922339515,-0.6181215856131058
147,1.040850325677169,1.4445711733003546
148,0.6403604840761655,0.861726118634447
149,-2.2121035503321114,2.3917547687076515
150,-1.3010747857276648,-1.415545636343834
151,1.2939469369796486,1.2881581698678972
152,2.229565165672038,-4.793267229167532
153,-0.6897320255188152,-0.011613891354197046
154,-0.8216362208297312,0.20153041696430998
155,3.672652323984368,-2.5769539886244806
156,0.09740984745317816,1.942604872601565
157,-0.4669966321062129,2.0825115459025176
158,1.1955736189825594,1.8658533597295008
159,-5.23142805052441,2.900326464087566
160,-1.729582017887234,-1.218807099737341
161,2.7761529817224724,-2.384015513048877
162,2.907870528721733,-3.4019832032054507
163,0.061244762867323096,-1.4221879063790124
164,-0.4807257006893007,0.3951458276607548
165,-1.5625433627229752,2.985434025589278
166,-1.0137583514728186,1.5686662307339507
167,1.9309519976380247,1.923667251202311
168,3.3699153108126936,-1.4842975771907518
169,0.258329565117658,-2.0160961656967293
170,-2.0333515918965714,-0.45323803062324347
171,1.7430158186332587,1.6355166469678761
172,0.5491636305261843,-3.2946333417040523
173,-1.127245666290757,-0.48268270513514516
174,-3.371605771528219,3.8803924253550477
175,-1.294170737222427,-0.16404885260450996
176,0.5281350125640061,-0.587319606798127
177,1.6775842047245457,-2.8789004823197364
178,1.793930091217482,-2.164236506399001
179,-0.9004035146497475,0.16567827832639412
180,-0.5419448720804215,-1.7213981750049054
181,-2.802078482820569,0.9344219711274176
182,0.7805268374848918,-1.059869747891535
183,-1.8818978945243037,0.6500628404468869
184,3.232562674963218,0.16137585994141282
185,1.7246636402807944,-0.6861133607216677
186,-0.0850048824393526,1.6775354791388488
187,-2.3561777652050218,-0.11722519012299273
188,2.567329413497989,-0.9003087355570982
189,-0.5783111045945061,1.7775654681885733
190,-1.8773130249561423,2.2557760983282584
191,-0.35054262378089523,1.409302403141109
192,-2.5369029756631267,4.554429549577461
193,-1.4278000999996265,-1.092153235562852
194,1.8903202083362307,-1.478830140051922
195,-1.3127517624699991,0.661456369174571
196,-1.502900278962968,0.2067514265920354
197,-0.54892960800467,0.6523066551180035
198,1.0382231415391028,1.5331552626785496
199,-2.3812458231196856,-0.44236620100056945
200,-0.4090289480096537,-0.6215729767318595
201,2.5561191091212816,-1.5722492703635023
202,0.44935660121302984,2.0931830693711504
203,2.87689943091352,-3.8768424658954848
204,-0.5606887386046375,-1.8790352378787496
205,-3.4621534838720227,6.3392959656473895
206,-2.108259006996652,-0.3813206889786721
207,-2.5020653791305816,1.9135418904255264
208,-1.2320861060301849,-1.569651926354145
209,1.3105141701724183,-1.346747577956086
210,3.234415747575838,-5.156025881541098
211,3.5180349524337355,-2.320272871544876
212,-0.4775844208368435,-0.2936599311520354
213,-1.9187183291299414,1.3477308040583031
214,-0.20970961584637382,-0.5458373709271659
215,2.1953067269671,-0.8605434544568064
216,-0.6306675420621288,2.16465259172731
217,-0.22368016268592314,1.8015304705324402
218,1.5510468107301845,-5.779272191567404
219,-0.5211917209635032,-0.3552848734518595
220,-1.2897433314704236,-0.6130227500250683
221,-1.2047870360254662,-0.14898190034651562
222,-2.431650448700178,0.9939363914520181
223,-0.8249801240009426,0.17989485460362162
224,0.8907886815423005,0.8207055939746727
225,3.724461327937662,-2.8584327269680383
226,-2.8431430360445136,5.147897954143336
227,0.03339229791436293,1.682481706656978
228,-0.7035459840596601,2.5700033531419946
229,0.01641506131316559,0.4301508171158496
230,-0.6160527313505524,1.401090520445981
231,-3.2230692767208318,0.6981204548810866
232,2.4286668809562655,-5.4118483630229814
233,-0.05212273949503658,-0.05230991230333459
234,3.208877003820278,-2.5329249949720194
235,0.32508728150504373,0.24857668452904458
236,1.8673833842502092,-2.0735670650681124
237,3.3558510256367384,-2.4601394729226174
238,-1.2890471473764895,-1.008783657003797
239,-0.07819466556829775,2.246619028243915
240,-3.1264532574676123,2.4685851280314743
241,1.4111282242016856,-0.43742329760452797
242,0.8464031267051655,0.258947184532806
243,0.6619174808992577,1.3167947190592777
244,0.5782109871652219,1.0783072255678714
245,0.623765346939334,-0.19088638882123507
246,0.9514398547899166,0.5100557444466939
247,0.9775180022973017,-1.2831144098180471
248,-3.756156606929341,1.9499290869697967
249,-0.11214002257880117,0.7575594422546751
250,-1.0970380772794903,2.0547043500552937
251,1.5395989201849578,-1.282461836495129
252,0.9575846044561896,-3.1854697871986724
253,3.0203111980271156,-1.9380415510835673
254,-1.539010244400648,0.11101435566091608
255,-1.7433731471926954,2.513292128843198
256,-0.5330263310128409,1.2502306521950386
257,2.585848995487734,-1.1650902500722773
258,-1.8826130853355132,0.20658812193865006
259,-0.8737634944048945,-1.0047217300559903
260,0.26121569197929323,1.2984736669617138
261,3.231890345535995,-3.085786615894572
262,0.13014239155419305,-3.0794943872904783
263,-1.3798994854761926,0.7016233611342553
264,-2.3697898280485927,1.8279829215744285
265,0.7616087285711656,1.1950586000436998
266,0.15719569141406234,1.8234361883100356
267,-1.4802543191369082,0.8208886579409747
268,-0.6585187550017443,2.2900181548610328
269,0.6635100466600178,-0.318888346234281
270,0.6843236175706375,-2.3019946615710927
271,4.249325189812345,-3.413073968551244
272,-0.8518003186555482,-2.622202095370079
273,-1.5983493888026663,0.5805848596594914
274,-1.6013481626630233,0.19780541049318034
275,-1.917032995619642,-0.8862855420632546
276,-1.199203961695092,-0.012415236246038755
277,0.26450449883765087,-2.0470195985291704
278,-0.012595517668228794,1.8352878057439634
279,1.612631730051198,-0.45329178429540024
280,-1.440596664049993,-0.9294316592272772
281,0.37378446344380434,1.9464384373469332
282,4.145987073458193,-1.8219422610485192
283,-0.6150482811130517,-0.04756554355641415
284,0.7596051911676579,0.20630531311284084
285,-2.233654830179432,-0.5122180376508348
286,0.15786783148573846,2.7758788469336437
287,-1.2673410724497745,2.9336058565112464
288,1.5830152521606637,-0.6999322615500503
289,-2.099160791262102,3.1089566947661016
290,-1.1735814037308572,0.7347551972858358
291,2.2853924479112697,-2.729656453918777
292,-0.7606387373800721,1.2988528395439776
293,-2.1187383530534247,1.1295987629794548
294,2.5444981280831653,-1.83441545869303
295,0.7099042309418246,-0.20908415069438024
296,1.3265908583134332,1.848085277135351
297,1.5767006002212423,-0.09886349771181006
298,-1.1375026154085506,-0.11592374225174544
299,1.7371862966126985,1.740006577743374
300,-0.5944451393113258,-1.7108185527716293
301,0.6869646732634939,-2.3505839454079576
302,-0.06865691956839856,0.5971589409837212
303,-0.352111048086476,2.09860343229663
304,-4.1685667616137785,1.6292857560010123
305,-1.848351242952564,2.036353423245103
306,0.7023161126853307,0.34625464968215136
307,-0.6680593322947128,-0.9258278748672899
308,0.048226476506361804,-0.09230898570941803
309,3.2817961213932447,-2.3269870225501283
310,1.4933432742098636,-0.012054999319989696
311,-0.4216685047139588,1.951557517973633
312,-1.0139503899709115,1.135467438260132
313,-0.23761744108931346,0.8920755683630187
314,-2.335192709719659,1.1445143235955968
315,-1.7797743337354104,2.020790220172696
316,0.7838578797075035,1.0095270099650369
317,0.6244370888656496,0.5153995827547889
318,1.624460602941236,-2.63734641488745
319,-0.17431398823072325,1.281358816229291
320,0.7804145520396801,-3.3722283678694223
321,3.5624795699400895,-3.0386683632516647
322,-1.9938764214342701,-0.3690764097837988
323,0.8774355694564746,-2.49486515164895
324,1.2643529521569734,0.8242728890944775
325,-0.7942275670706497,2.770076397708261
326,-0.6674374224950773,-0.8101330087886901
327,-3.3480573740860713,0.0658867295142859
328,-2.117482862942213,1.4710558364341773
329,-0.344904686264767,1.2684357778396584
330,-0.18361547421496416,-1.1488189040317083
331,1.9625530414079049,1.2840386183650634
332,-0.054831996893449496,1.2962200626518086
333,2.3670916539782323,-1.0481444008594853
334,-1.0381564864752069,-1.422037979461095
335,0.7683108401990562,-0.06919826267023702
336,2.0669384048213577,0.2201952322257773
337,-6.042584324026653,7.991102336868094
338,-1.114054177283718,-1.4103957797864008
339,0.31536741629635096,1.127924300818201
340,2.8943543835636785,-1.5333226212902116
341,-1.4767954651224575,-1.8847529374725696
342,-0.518808007754476,1.595243098457712
343,-1.912039674089003,-0.3654214415335857
344,-0.03539278727199643,1.7872408418861618
345,2.6690633955719165,-2.197089211918087
346,-0.9515123160267583,-1.3269671910023233
347,-3.7521418303741676,1.1008057660586823
348,3.117870760476698,0.4621001811481192
349,-1.1335157969851062,1.4669420948833543
350,0.7876610959766578,1.0347437320988906
351,-1.3641894742994503,1.4142493373209797
352,-0.27772974539237055,2.5644358424812803
353,1.0454674120882228,-2.596574313459194
354,2.0665976974480036,-4.321973946718573
355,1.7391703020944693,-1.8251419018080879
356,-2.3190451853384784,0.3633440380003837
357,2.4813650310178357,-4.11906990852375
358,-1.1881622176279545,1.6200015620346968
359,-1.3406195765512074,1.9141303296121295
360,-2.4331342493510837,0.012361256467250486
361,-1.0960437049151468,1.637540078702178
362,-0.6366401179090067,2.116766105810823
363,1.9908006985683313,0.4002727260554517
364,-1.46742050249373,-0.3416725746254094
365,1.9788822573339975,-0.04200780757388725
366,-1.4996308155291853,-1.1004093105309591
367,0.1410721413800675,1.989100072214517
368,-0.7778324478672815,-0.15683399829562647
369,-2.8256985743835537,2.082524428305012
370,1.0549102237936856,-1.7140820264515184
371,-2.264170466923359,1.042952831917844
372,-2.2941319643787264,-1.3337244548954472
373,0.19819295437200918,1.0072109370496347
374,-2.7953102857691188,0.13163733455834084
375,-1.195313164282549,0.4362118410571829
376,-1.004291776697488,-0.3938228792272822
377,-4.987486876596104,1.99193893146471
378,-1.9123814225842557,-0.6183017632092398
379,0.6312623285861981,-3.2670047785742593
380,-1.7474423171689244,0.12367261822658632
381,-1.6775762510760874,2.2307411399862147
382,-0.04041651437227644,1.8846767758860812
383,-0.7881183962884026,-0.6576467005227272
384,0.06116942949083085,1.526175635072807
385,0.09243200947915142,0.7151692426099877
386,-1.9020349949338988,-0.7057609125870936
387,-1.4594024405423922,1.4910910024117594
388,-0.47495951614811077,-2.1014216745085834
389,0.08229358359170436,3.0537537925434433
390,-2.4105711805219716,-0.0057280083029186395
391,3.596352163152494,-6.232574580237265
392,1.5424992083572768,1.1910028767432583
393,-0.6653714296604486,-0.19724553556558852
394,-0.27412403336676955,3.8207078255413682
395,-0.19237304166783248,1.1045435718656536
396,2.063760250385223,-4.483897100329176
397,3.6233668874461564,-0.6971598610771134
398,-0.014089023408859959,0.2604494090940029
399,2.2607332766005075,-2.589216098218533
400,1.6149745978349703,-1.1847615999643573
401,-2.5343440664099006,1.7694535984122581
402,-1.10846233528837,1.14568549386353
403,-0.4766953382583347,1.7335991906765988
404,1.7093005652894857,1.139464682897958
405,1.4515822240933056,0.8556897852511477
406,-3.449464283528972,0.5744317669651768
407,-1.5388350546775258,0.9183178621376702
408,1.367492074338248,0.6716516260440336
409,-1.3967421682295624,-0.19791284903714018
410,1.4276486409061302,-1.4256473429723122
411,-3.6514960622834316,1.4736209087708854
412,1.2546868784298706,1.0775985102413852
413,2.7097440805913613,-3.1254439698865464
414,1.4567616923279512,-2.237141576248316
415,0.019432869646841416,1.2329789323189932
416,2.3784131403535214,-1.4619759437429547
417,0.07461224193069445,0.6591705856624848
418,-0.13796739161810326,0.20419449588783645
419,0.12699514896111228,-3.8761802941731562
420,1.9569057723414571,-1.3428250941451367
421,1.7594770814832656,1.175351164806288
422,0.45800574227858637,1.26355133502709
423,-0.5763282888896168,0.768406233602878
424,-2.8608602761516755,2.3165077984761604
425,1.2063305629770444,-2.415415193726531
426,-1.1908952518282625,1.1765962285933311
427,2.7244308720412933,-1.296098128022107
428,-0.3355240573787635,1.6093309301297112
429,-0.039952504679261196,-0.3115073431368946
430,0.9490748241735837,-2.1354852149171384
431,-1.2300823432197365,1.274289003257852
432,0.9641179099901719,1.4462654641201766
433,1.7715100376944273,-3.446223679003024
434,0.4343101422437324,-0.4880388129002095
435,3.435357959371644,0.37313672287266375
436,-0.9415709903220593,0.23629609239009586
437,2.308322265458848,-4.196071644372213
438,0.017963575009538473,1.749650714792678
439,-0.7321998588284052,-0.43668486200620443
440,0.4578224610733175,1.4518347662550177
441,-0.15641615294100067,1.3531204020092353
442,2.1266237976810434,-1.613549587683058
443,0.18639161271738044,1.3833861052954772
444,-0.7890624568742814,-1.1248241533179861
445,-1.8722454083248048,0.04567908785104086
446,0.7398575681486279,-3.8895193779581865
447,0.7711165779050559,-1.5440431930873069
448,-0.8889048248417458,3.173524623669067
449,1.7151806906669247,-2.7169334931297633
450,-5.402278428418984,3.0860789701028515
451,0.29510293254905695,0.9552267092003425
452,0.826573328039938,-2.679618672089864
453,-0.9895931498629125,1.2821444007653784
454,-0.2556416463091832,-2.1897352660989466
455,-1.3303413393355776,1.9200040454754177
456,1.3799088070457173,1.6847464903482035
457,-0.6994274958960823,-1.8487647405439012
458,3.6498903654747985,-0.48098725514211477
459,-1.5932214865644896,1.7660240900305653
460,-1.2821164742589932,-1.4185606458128501
461,-0.481449091038807,-3.815334186428694
462,-2.1908719799367895,-1.4999367606802352
463,0.8051148834105141,0.5842070983764164
464,-0.5169596288894268,-1.1634357669822624
465,1.7686685746143664,-3.7672955279987796
466,0.29804608455623816,1.202725182386517
467,2.028225841730225,-0.7329257160731343
468,2.5831317646212852,-1.5683236924761677
469,-1.5811123179798159,2.3906159472235413
470,1.4641306916490366,-4.183615597516871
471,-0.7776192934077908,0.1279252780940697
472,-2.535157018637554,-0.14894695239414246
473,2.0206147578532794,-2.1729158679403615
474,-3.2829949113194186,1.7285160305477263
475,-1.859656765660324,2.711247285785497
476,-0.5401488332930083,0.9899876376669983
477,1.4890921810383169,-1.1407183590668493
478,-0.263094907033448,-0.6375194344418114
479,-3.91450168462449,6.713852453112236
480,1.10546816557735,1.107788867409631
481,-1.7307580125837947,1.1915933624425956
482,1.9729259259632421,-2.505046999425163
483,1.2621910087620871,1.2469726346332313
484,-0.9585845581869326,1.5394994550682248
485,0.31091541079527185,1.0037950855073015
486,-1.4958337204448409,0.20912493894118145
487,-1.1383791415764484,-0.5663711383833352
488,-1.1830536353924805,0.7133636310858977
489,0.2808840757454507,0.5806535346979542
490,-0.5934137968032603,0.8046706991206386
491,-0.5122826061341536,1.1902790545330866
492,1.8831107664318485,-0.8506002425702748
493,-1.557179082443125,1.192607675182409
494,2.2109411341451666,-1.0194397570562919
495,-0.8022365349527646,1.7656148635830655
496,-2.3379763452050035,0.32096158949876646
497,0.1511836846541716,1.4985027813836762
498,-0.7820653352952217,2.8336175997155326
499,1.7345156910831159,0.2770145210618703
500,2.3618899559788233,-2.051595009735887
501,-0.2381136767953154,-1.306694576818469
502,3.646688041795293,-1.6091074886959824
503,1.2959488744341345,-0.4263855479489883
504,0.5217169482097551,-1.0902306791627785
505,0.7410149955906143,-2.93833902306436
506,-2.606616069149145,0.33956184346629403
507,-0.05783067294349634,2.19835764912532
508,-0.29466291417693696,-2.3985104665180956
509,-0.5814208986513004,1.848301013841773
510,-1.428852396020897,0.3875772627801663
511,-1.3980321919887706,0.6491272642215831
512,-2.037533285925333,0.7894519361613195
513,2.894935908210009,-0.45100038582152907
514,-0.6870236834806741,1.3936539084362554
515,-1.541086366811785,2.949575079955945
516,1.1962405761963792,2.496601776894866
517,3.306432877849619,-1.5830039247178564
518,1.2601370213931622,2.1238418696237362
519,1.0892917194897138,-0.7031205355107223
520,-0.17925448335195399,1.8055583180002204
521,-0.4182396024459507,1.3240219811641936
522,-0.9575116835691297,0.316805531925084
523,-0.11015360701374516,-2.022226456795444
524,1.632454830350294,-1.72338318678889
525,-2.6625073976132785,-0.2846480265706887
526,1.7128280024085198,-2.134002305797153
527,-0.4679756393094217,1.112174223915081
528,-2.3758110930356735,-0.07951258907891535
529,0.33252502879396967,-0.9145350947172073
530,0.37372447435738826,1.6142546852129216
531,0.06368064675168959,-1.8891307872426784
532,-0.18847951599612656,1.723951977785936
533,-0.7603184637885116,0.3117617743842879
534,0.7808926888312344,-0.482172803927166
535,-0.03477554249691056,0.5571351085687384
536,-0.7995509666336744,2.400245030717689
537,3.2297581826097486,-3.553275462361037
538,-1.045344112991922,-0.6072993450435621
539,-0.0027082447624105005,-2.191504695853415
540,-0.36230586533333264,2.0869902646104306
541,0.3744786276985066,1.760899645158834
542,1.6391034067890902,-3.419867791282878
543,-1.115104713790834,1.6212479442693961
544,0.3227640571939266,-3.342738591982972
545,-2.454536131271513,1.0672131820363997
546,-1.7172205534148177,-0.6335941318660708
547,2.658508180409479,-0.36650571593502457
548,2.4891777751412256,-3.938328984915734
549,0.27645599915809443,2.787188120676943
550,1.6292499137804155,-2.610596576240123
551,-1.207239995090967,-0.07051637818837027
552,0.9695684587729263,-4.9055316761208365
553,0.9628559202796427,1.9285619605340685
554,2.4047035946004973,-1.3487330624978713
555,4.172132890681983,-3.045046743999154
556,-0.010656849893743558,1.2027640819395196
557,-1.0943063550504473,-0.2747899931122166
558,1.8211589763094596,-1.9164011206372833
559,-0.7613985049051825,1.9672849389792562
560,0.4985722928340061,1.7834721613512807
561,-2.5192266073448573,0.2510934141788697
562,1.5646785837443624,1.1275972402906875
563,-1.1204157509307242,-0.3055742467563945
564,-0.16248188682381287,-3.0221943460251106
565,-1.971973964011951,-0.1434129306146977
566,1.2101027234506994,-2.813226858719706
567,-0.7073340948311218,2.6202791616420504
568,-0.6760820127238331,1.8217594696818085
569,-0.3472967336996295,-0.7024314675598934
570,-0.15161584867210243,0.8000712632988634
571,1.3177187098624985,-2.952526611938061
572,1.7538237581153997,1.7355828381721017
573,-0.27066771347717566,2.0713100622624254
574,0.25184665290924263,-2.5481180103771006
575,3.888362776683073,-0.6438047247532759
576,-0.699569908707416,1.234044378729685
577,2.430465609951343,-1.6949967718016024
578,0.05644390468305877,1.3285275221447173
579,-0.1549549252891864,-2.254507245065838
580,-0.5330246388344484,-0.22239975219065278
581,0.0613660808377597,-0.6188201843519577
582,2.0570420095340345,-1.254222366801323
583,1.0070666259545475,0.19303899755557924
584,0.824639993617892,1.191124472728357
585,3.4687574004089985,-3.7336716614098884
586,-2.352721753548615,0.46049608912282236
587,-0.7780488261090955,-1.9930920396839025
588,-0.18595960807351233,1.9959283386908953
589,0.9032343986543306,-2.1517634882100283
590,-2.5292661979523485,0.3243586183097468
591,0.22221684871228192,1.2527504672443184
592,-0.11819207278857928,3.3045146202536464
593,-0.940542217007928,0.040278796259588696
594,-0.12907517183514727,2.003695638160349
595,-0.7861899559993005,2.3617776959936174
596,-0.2993821716879021,1.5562011302695935
597,5.192502142456139,-6.112884653426425
598,0.7939590169938718,1.2938954340342976
599,-0.958086790555999,-1.1961502073102837
600,0.44900580751579994,-1.4913340765326746
601,1.093087614913794,-2.9180289109873216
602,2.1828544561639904,-1.3168664724965593
603,-1.5373476601608842,0.8621483443104159
604,-1.4829000138358495,1.130467853900059
605,0.5085029260825238,1.6923209584576286
606,0.9001758163166516,1.4262456443031288
607,-2.465196459338544,-1.8966237519440476
608,1.7790824998318275,-1.6916581532283463
609,1.292717911061424,-3.181602631457899
610,3.3940133606763827,-0.018738756062005892
611,-1.8032002645909866,-0.12552920501906575
612,-2.116920157247674,-0.40083316676605246
613,0.539078921533998,-2.2492440959222537
614,-0.8905969255475102,0.24251924928305965
615,0.9652845409509042,-2.6590755469758074
616,1.2317726725429052,-0.7893961778155342
617,1.4690782075251043,1.524728765798493
618,-1.3513326476938057,0.5605196280612004
619,2.506726038086881,-4.9467418274913415
620,-0.326701377620909,1.9636152404212925
621,3.81580408351382,-2.0016072381564993
622,-0.5802189952794468,1.0029644034723155
623,2.506795023997371,-0.4492631889246704
624,0.839811700076197,1.0196799082592258
625,0.8612428239378817,0.17723781443446948
626,3.5935227162113534,-3.025695477256808
627,3.538312536905847,-4.973434007363689
628,2.86104803138528,-0.21243075035670045
629,-1.5587105872787257,-0.06767440526373313
630,3.0604144351277847,-2.3447348902664062
631,0.848056675661879,2.220416545103666
632,-0.5174805767670025,1.6656838931525018
633,-2.329734115396621,-0.11457896094365229
634,2.189797417540775,-0.9154641290316404
635,0.9526620926489286,0.4794909002849119
636,-2.1484254492836623,-2.170394772822995
637,-3.058407609573508,1.7585375326013493
638,-0.0018130753946920413,2.4329081364750405
639,1.8801057098254899,0.45704757691341447
640,-3.3796475379286393,0.8470678837558107
641,1.1533182671342406,-2.252131964235109
642,-1.5684515765904197,-0.7388056405031771
643,-2.4347297379330404,0.02149888062216248
644,-1.365671386999089,-0.29945333417282777
645,1.9872274496079314,0.47617113388452875
646,-1.8618608489188195,0.5456949966181047
647,1.112319192892506,0.7838038700909732
648,-1.7387775432222314,-1.836582656764464
649,-1.170959894969022,2.8216060289918032
650,2.2397130912992655,-1.6975115930856195
651,-0.5567825258962006,2.091623265863798
652,-0.07489078425450256,-2.785786856496787
653,-2.1647299882188866,1.94994869313752
654,0.9716146131838204,1.7897339510030714
655,-0.5309733083532157,2.1883779217341957
656,-0.7783939979859784,0.9265549834457095
657,-1.6714286745209956,1.0851750214920028
658,-0.09795632545719743,-2.6969948303564224
659,-1.8291875606406904,1.9741785888483725
660,0.4144973322172894,1.623454054341657
661,-1.8913119704878798,1.3182618600183507
662,-0.615971567549111,-1.003919299367847
663,0.42552831858985235,1.8906480141219415
664,0.7111871505646268,-3.471167184482861
665,2.1837423241681444,-0.6896716229147553
666,-4.021339740393016,1.7821206061417945
667,-0.14865315676688598,-2.9181460412798317
668,-1.4187919043466874,-1.062898151250158
669,1.420215525466603,2.8961568795115626
670,-2.2505578095292975,1.2374324466616944
671,0.34184238841539644,0.47596210965271313
672,-0.30087946493819295,0.6153821786192241
673,0.9170264761083151,-2.545651904724381
674,-1.2683202063744412,1.932689231948669
675,1.2960435461647908,-3.8692783156940616
676,0.9221081372637431,-1.0181090987273138
677,1.5654193811567871,-3.2905962064332352
678,-0.3474854620859672,2.7223752677305035
679,-2.5131413553133553,0.7251907721915135
680,-6.31024893707829,5.287065499436389
681,0.36510484928660053,1.7547409791935527
682,1.5720467105017395,1.4122482063556343
683,1.3972870800295778,-0.06400778994812396
684,3.7081014614556236,-3.0433479483027983
685,-0.6455539523256015,3.6631568473074676
686,-0.3652479578560333,-0.4276940668031848
687,0.7819142090803036,-2.577533062304987
688,-1.8603110995751113,0.18788107098010245
689,-2.5074980287996995,0.5626376730687538
690,1.4024139790769619,-0.2804319327902809
691,0.3221930553032842,1.5003920829929525
692,3.191206554771334,-2.8714620771774078
693,2.5772110527625265,-0.9066230696660176
694,-0.13555435846352973,0.8240349709470212
695,-3.1242283595343125,0.16798593472994316
696,3.7190681149566958,-1.728204415274655
697,0.19404745264934667,-1.8768854320160198
698,-1.8984730850519416,2.030077161060601
699,-1.7347558518562178,3.498904774109954
700,1.1305313604459963,-3.684827725060907
701,-1.2249040388485266,-2.784055590682278
702,2.0045130725620215,0.3820253735712973
703,-1.8961770123738075,1.2406225671877278
704,1.8740613453953783,-0.5826764798658183
705,2.3109496190246603,-2.068427117920303
706,-1.6686741524165174,2.256027431745509
707,1.0171089423734359,-1.6639985544559068
708,3.4087202852502423,-2.0209019477927357
709,0.34066025904816855,0.4591284290119291
710,-0.8427967088690551,0.143347626851999
711,0.8984591787998994,1.0609793939050398
712,-1.5970025849208986,1.0496419682027112
713,0.36782904783750126,1.5306861806217307
714,0.702467394461679,1.8385706187759507
715,-2.746997617114641,0.18790024470518418
716,-0.3032009910039046,1.2112976189329534
717,1.8097254178289621,-3.2359813193930287
718,-0.7027648246803857,0.2799070684795617
719,-0.09006266556390623,-1.5643729897427032
720,2.614933892195464,-0.2506091000636545
721,1.476028549545767,2.0099145055924326
722,-4.127009398197477,2.3644169500816847
723,0.37351520624132223,1.0782367595649902
724,-0.9678968482357817,-1.7625779760523264
725,-1.8108555648841438,2.5876525199276945
726,0.9547343602743515,-2.5860394530661375
727,-1.389765260153947,1.6060936761837243
728,-0.4614582366509958,0.1396302886331699
729,0.010163685401455723,0.949346979258712
730,1.7778092657238167,-3.007508021526786
731,-1.488570812004582,-0.2176522547021472
732,-1.9055245858277228,-0.25193871985215277
733,0.44906527576571165,1.0417729486547658
734,-2.37170967284201,0.1487869179486989
735,-1.8390949318868206,1.442400686622213
736,0.8399449071729468,2.1509479458281575
737,-1.3818460250945908,0.5967269946212748
738,0.02651184451861746,-1.4065246888496694
739,0.2687980498346813,1.6068361128601887
740,-0.8579718436180399,2.482183564642796
741,-1.291536942973885,-0.8050762054413286
742,5.165213272722074,-4.524647866145385
743,-1.226758100529879,1.3427721850882233
744,-0.8658564834399263,1.4438469535892224
745,-1.7850411441620415,0.5247846923532922
746,-1.111724919870156,0.13898297167058193
747,1.2718647173902187,2.6713062409777444
748,-0.2046650033615799,-0.2991566333515186
749,-1.4541596544199242,0.8539768140891645
750,3.621898921877735,-3.72433028023646
751,2.677029359190845,-1.9493496088075675
752,-1.3878478233737965,1.0085226794831434
753,2.095238495832685,-0.5997551263470469
754,-1.938862877668719,1.3226703873564822
755,3.7516447618895237,-2.7336370514159714
756,1.0175347152805783,0.12406891786879022
757,0.1617483677527035,1.0440150063996358
758,-1.451274543264804,0.47878707507361384
759,0.5254760993756133,1.1942586453968458
760,-2.209698785398606,0.7740297828659574
761,1.0376528456159444,0.41473643144337025
762,0.5314312329305315,-3.055384043392758
763,-0.4335059588902216,-2.058343422620521
764,1.4964784595411391,0.5028817058125952
765,1.138725545469142,-2.793144543951673
766,0.18448763450375436,-4.211968124873979
767,-1.505354872530735,2.566497657689836
768,0.44053384437670823,-1.9754837361067776
769,1.0085421863328097,-1.7034406230677723
770,3.6922235136379062,-3.1876023960182174
771,-0.6796776596005536,2.322094302531231
772,-1.872927786708198,0.493108563209946
773,1.2137562541766846,-3.4351575074337806
774,-0.6848828153708931,-0.830048909769251
775,-1.1873004167698555,-0.5360564989599426
776,1.0351657334476936,-0.792864586132316
777,-2.1831607626502083,-0.128195703845963
778,-0.36024193393160536,-0.3622603755716617
779,0.056999879743172464,2.366731842158757
780,-0.793833894860917,-2.6836376838565097
781,1.220661443042783,0.5924763369202033
782,2.383535254771628,-1.2852522738829006
783,3.4501514023209507,-0.051111212392539344
784,0.23149116942386463,1.3056074111711362
785,3.669992743868903,-0.5190292463385423
786,-1.3710915250923017,3.059875695260706
787,-0.290507706692088,2.0964708167291755
788,0.8787051869357373,-1.8936805658813245
789,-2.8579824290458915,-0.7344267127418566
790,-0.8644544438746918,-2.709706514923911
791,-1.2983299907880745,0.6607853486040002
792,-0.47537638365171564,-3.4498813302346236
793,0.28962794896733374,-1.2094277685318764
794,-0.8904655384557151,2.467809684028896
795,-0.5111356645608335,2.0723767408507308
796,2.346275219269607,0.36569315218853293
797,3.843182677560906,-3.7341445266225683
798,2.6051957825488508,-1.77278656863373
799,2.319674808443152,-0.42643543180565546
800,-1.9514738609250952,-0.45293187827573833
801,-0.6617951759580118,2.724516863384141
802,-0.5078068945702401,-0.880702794998647
803,1.4829116211376734,-3.327813395227083
804,-1.395019824606565,-0.9140766531176362
805,-0.24166270265613254,0.29751594924584324
806,-0.9804461071815391,1.061396530300641
807,-0.34630917281310886,-3.4193349074487265
808,1.3515057574591267,-1.6015250063205972
809,1.0020834890147832,1.2575364288214623
810,-0.3806037858563681,0.566967623351006
811,1.682896379913199,1.0802827844624319
812,1.624106057288466,0.0436029837408113
813,-0.5690637327076081,-0.09040765920003421
814,-1.5082292900937224,1.6745805865060008
815,2.2608687648238557,-2.5797086018923316
816,0.269165267884256,2.098217065637597
817,-0.15498952747284192,-0.4222050281128048
818,1.8587835499563743,-2.8880175498744323
819,0.07049432617834125,0.898531593116747
820,-0.12656688136009228,2.1999360608043106
821,0.49831511838002207,0.09274118579045162
822,-0.059298670385083276,1.8864779589588894
823,1.3951038101523812,-1.6151148097015453
824,-0.8053037292401227,0.16362767203977072
825,0.5309031670014998,0.920162212877947
826,-0.23308865654116628,2.178163729557553
827,1.6741410498676623,-3.990876665339375
828,0.058599637131411884,0.8662821197692305
829,3.7604458977531485,-2.4816935674839997
830,2.840988094731239,-1.03092770146046
831,0.43347399272588577,-2.070849948121056
832,-0.9296902693711012,1.50972453306565
833,0.8403070509643035,1.0836069271607423
834,0.0893633530067496,-0.8929771117983105
835,0.8424739531760677,0.8826260367919687
836,3.3845759457579287,-2.7997321286207235
837,-1.3030769613224218,2.328984490652012
838,3.087606659053433,-1.8173074964144358
839,-1.8856259316156816,-0.22645641071778755
840,0.4291963310115278,1.2578839539125002
841,0.0978725635177365,4.465505613095507
842,0.776344974527989,-2.734700109843806
843,-0.7426112507494845,-0.19285690137506253
844,-0.519950552197955,1.0320864903204756
845,1.603604575681617,-3.056759253657459
846,0.5041910286461334,0.5007128508781106
847,-1.0435354955823468,-1.9066124096265205
848,-1.0080118029033065,1.0931291758116153
849,0.9329484511053238,-1.0696364285338527
850,-0.9742605396851035,2.506654874920104
851,-0.7128838321835367,1.3674778872693087
852,-2.9470403137487056,-0.716981885769966
853,0.48724207286919263,-1.2475333558653543
854,-0.4592657572302572,-2.1151913568374687
855,-1.1370278122566564,2.7395754826703085
856,-3.017839353180093,0.009763419586322215
857,0.7241642774364309,2.370950174169716
858,-2.4739871084786604,4.918360151739711
859,-0.1063404537275549,1.5416343602938052
860,1.3064141436492458,-1.7069659612932107
861,-2.5932252166571272,1.4245274881054049
862,1.0291110028798038,0.9668464200729051
863,-1.7363968690121987,-0.5798671174179251
864,-1.0000229139728813,0.5499371128781944
865,0.08079381680493009,1.4084150313219457
866,-1.9190369212852094,0.06436877962333591
867,-0.5191963220073392,0.6500999361140051
868,-1.4378454165531134,0.08658578127368481
869,1.985390520304838,-0.7227458473200931
870,0.6767296873343087,0.16748403147357385
871,2.0403925580565825,-0.5294606602222904
872,-1.338898472920981,1.8812915593101307
873,0.03911172135593566,-0.994891191708468
874,1.5035165760798528,-0.3579326922140193
875,1.1199788124737418,-3.0219000979480555
876,-4.113555891208559,1.8604075998424707
877,2.3218749470665516,-1.510293507291151
878,1.7877501939858846,0.10093262282592529
879,-3.923657295959507,1.6900183824184942
880,0.6990596360693132,-2.6485192561537594
881,-1.284359762618885,1.5910175378878446
882,2.1133989884095814,-0.7373283129862552
883,1.9731402257082007,1.532757283964695
884,-2.0052590666587475,1.6573516811963616
885,-1.2458967573245951,0.6124251589257078
886,1.8507096090510313,-0.9097208539215625
887,-0.9769455989689984,-0.6004128353947711
888,3.0787512958697745,-2.190755010103142
889,-3.5672769972433915,1.8127958276534284
890,-1.1628406680583943,0.4790387288307964
891,1.7420910213830978,-4.493496918280357
892,2.419222553489573,-0.23231686636232268
893,-3.40105906628563,1.2347366555134642
894,-3.028221412281712,1.6708929009759885
895,1.2459713823754968,-2.1727813747780544
896,2.2245918920262198,-1.1994819155881027
897,-0.5505779267429582,0.21683837547646112
898,0.3810514571586333,-1.4978648456563242
899,6.263550148769321,-5.383739545645407
900,-4.386924289965323,2.115593902458002
901,0.8014320523413971,0.22022420333279394
902,-0.11676952261410953,1.294795196169526
903,-2.778007577901229,1.0282347806366205
904,0.45731709636155643,0.9630788729926737
905,-0.03856827773973032,1.9593248607492901
906,0.7195757415902017,-4.333777054761551
907,0.5488525854071896,-4.1988701488394495
908,0.5679725631161945,-2.993450183372079
909,-0.3159903876404388,1.0006187342334463
910,-1.3593038532417545,1.8913076325314577
911,-0.15135670824423222,1.8788245459851594
912,1.5900751035623184,-3.2418598103350833
913,-0.16916607526303679,2.5561808096671705
914,-0.1522602440067528,0.9126402822473548
915,-0.8375089548152587,-1.8159146977790053
916,2.289439546863938,-2.000671443316466
917,-2.08652450749733,0.79539369159271
918,-0.8750070777939412,-2.613756983586852
919,-1.3892793638255954,0.6937763615889523
920,0.1943561332951305,-1.2079351281948643
921,1.1505206235191516,-0.9513201045105937
922,0.640786190378478,0.84390607833526
923,0.26699331075067656,-5.438414813645617
924,2.1710699567973117,-2.453528995080235
925,1.9578703872608947,-0.6838025199805747
926,-1.7278832192056368,0.834304620489502
927,-1.0605546054543948,0.27319977056740374
928,-0.7985968917294138,2.2340169224372843
929,0.07146812219904172,2.200103391014341
930,4.355971322562509,-2.2588778402363787
931,1.6194901370723391,1.5787512334549045
932,4.51935741520776,-3.0940520248119068
933,-0.4296397245564476,-0.9337056191154367
934,0.27477879721811843,0.8202851602005491
935,-2.364022629733975,0.034355008339459425
936,0.9823171238504154,2.5450067650246497
937,0.6508987292847364,-1.714896080117854
938,0.5183954037586685,1.2144432363138054
939,0.4529154752617418,0.8037836698603456
940,1.7153654576200097,-5.726936292589594
941,-1.7482790002029234,1.9052914223228348
942,2.078817163498691,-1.0194263955793024
943,-0.3904230076087975,0.4400723870120275
944,-0.9839939416654107,2.2095577604447088
945,0.37969416609607176,2.5475373321000605
946,0.6390764763690053,-0.34304416355614614
947,-1.0487900095002503,1.6428927372594075
948,2.04889126268898,-0.2609647033923721
949,2.386524276369664,-0.34456653094845324
950,-0.30238578307188546,2.5775606034577185
951,1.8758746877117256,-1.5706600340697094
952,-2.0047842304798724,2.1638054058217344
953,-0.42670032234768474,1.2185779206613643
954,0.8258567001687426,2.2298281476198816
955,-1.000112541808399,0.39540861307913705
956,-2.404709384967162,0.5306243186647659
957,-1.1464258286104463,0.30560128066058573
958,1.4241856315499506,-1.6226726684765604
959,2.4374822003005128,-1.6765805776378582
960,0.13041444867136068,1.437382047961444
961,1.121425477697236,-0.1257522816693997
962,-1.5802554448671673,1.7544521641151134
963,-2.1017651288556416,0.10653436479387915
964,3.371089779289212,-0.7995069709351124
965,0.9605368512023514,0.4381637277458515
966,1.0619022975512014,1.0753267377245763
967,-2.0292501850298015,-0.2349103517018788
968,0.543932840277053,1.1055158330624617
969,0.2855480141554651,-1.7832271671198656
970,-1.4050448619437685,0.762972464735054
971,2.0123886309299466,-1.0615722053659107
972,-1.0161451004171016,-1.8283638396920205
973,0.7369938679070777,1.5439602919215991
974,-1.6473621551431237,2.2002081016813877
975,0.015792169992601173,1.1065875452854674
976,-1.2600542706602875,-0.4378331988726495
977,-1.1500365314765857,-0.22602617009129353
978,2.9151209669314198,-1.4321438120604817
979,0.20310557275742114,0.4377974572125064
980,0.28753786689758326,0.831459205653762
981,-0.43726969978542185,1.966859572389223
982,-1.213948224731964,0.6876907564160817
983,-1.4019259680050928,2.826992466848634
984,-1.8735079287542602,1.9759257465876299
985,0.43292163876234846,0.10610476238375008
986,-2.1293664905428162,1.4497685320259888
987,-0.0024648728240146073,1.3901719410814124
988,-0.2987498627052504,2.221214067703729
989,3.4041759049880667,-1.989385607582297
990,-2.263582115097305,-2.365442881884003
991,1.0918363202058914,1.2250484266427883
992,0.1407999912388177,0.19390855633018614
993,-0.8310742265041361,1.763736724445775
994,-0.3895061666206304,2.001324717123241
995,1.4090492878776022,-4.124529471245384
996,-0.4293568659237635,3.3375424169349217
997,0.12447263738812317,1.8765545303602893
998,-5.505680422681296,7.816314217273179
999,1.6649753027435816,1.551312746371289
1000,0.3009134966880378,1.2133176978292777
1001,-0.9007693461391878,-0.8388514106159595
1002,0.7539745513642137,-0.6181825498951944
1003,0.19978574311086167,1.6293362366389887
1004,0.7859175006975999,-1.874480923411077
1005,3.614705174004146,-1.7661651879038054
1006,0.33181697805426574,1.8159511414518668
1007,0.2951631125150848,1.2886686572172628
1008,3.1294714507002652,-2.0217535042110266
1009,-3.155091907834173,1.8064842423419119
1010,-0.39515453236706255,1.1128681875536168
1011,-2.1378393123085058,-1.3381731322009882
1012,2.5106281714973178,-1.4588637850301442
1013,-2.4118668375287564,1.1875713367475271
1014,2.121419036789248,-0.01442783748824181
1015,-1.4113343059581693,0.04840902329201448
1016,-0.714357885140422,0.08255457985379336
1017,-0.1999632174258886,1.9254068432249025
1018,-2.1193226148657995,-1.552546475463987
1019,0.7806810288352157,-3.562680690398426
1020,-1.4785014736581652,-1.5027796981996842
1021,-0.9917266370855834,0.2319801086110637
1022,0.6090478134469672,1.3768903869167932
1023,2.555065220465377,-3.0770767296987356
1024,2.349957016547042,-0.6193583720832454
1025,-0.15026572406679728,1.8651728555980789
1026,-1.766572801815464,-0.5343906792343004
1027,-1.0729254635273975,-0.47876357869308156
1028,-1.1287869448808783,-1.5753564691543183
1029,-0.38871695161132236,-2.2916152143067965
1030,-0.33100086180285776,-2.791528772208225
1031,1.5633383349134922,0.23044953794345902
1032,2.1592851108694546,-0.9414133210121256
1033,0.6884560527895487,-0.8437547822239239
1034,1.7426362975872687,-0.8922694867204294
1035,0.8126043426306709,0.8500130073001051
1036,-0.04908185659694263,1.956701238670339
1037,-0.6353375458933003,0.6870934487959883
1038,-1.7903365494134105,-0.4446984857980531
1039,-0.5774237703783731,-0.4296705729626412
1040,-1.5989387379276576,-1.9582044540287362
1041,-1.8933487266813764,1.1104610599641076
1042,-3.4372609664232865,3.72161334567464
1043,-0.3466710594174004,-2.5137990507758055
1044,-0.5234473770832255,2.151277431255287
1045,-1.4513787451390012,3.8755952839656906
1046,1.5038746047623681,-0.21878899424821854
1047,2.754830731795126,-1.3910630793635812
1048,0.07070707521562812,-0.30098410922320035
1049,-0.5888878856757136,1.5016044305981047
1050,4.134645822785683,-3.0559420060226374
1051,2.7103351785701104,-1.384019152397796
1052,-2.7639547025580407,0.24338067584986656
1053,-0.8140693818484708,0.8309232040899758
1054,1.8647989917628847,-2.1112378612184184
1055,-2.6269231604236167,0.883475718503395
1056,-1.0140173003888926,-1.8195195233754933
1057,1.6828249549722605,-1.9378711492386
1058,-0.44430439646204867,0.5587241372988435
1059,1.0343289819830275,2.53617328236227
1060,4.27874396524588,-3.0634651560601376
1061,-2.4641726387741882,4.370879788914701
1062,-3.6750723317145213,3.276751022735705
1063,-1.7141508538587238,1.052318943812368
1064,-0.40881988476888914,2.483173010580441
1065,1.7876540908863412,0.00643662179759203
1066,-0.7892342644274373,0.31464769423976174
1067,1.9476374053131833,-0.5606317738588248
1068,-1.7938111463809554,0.9502482582757574
1069,-0.9611421072658972,1.4852470513697535
1070,-1.4399811724291725,-1.4346367491887342
1071,-1.5253476725338926,2.648111146317116
1072,1.7867133525848475,-2.7769565197215984
1073,-0.8853937479911705,2.6517326609857843
1074,-0.7207679299774904,-0.8941622701919808
1075,0.5448248096072493,0.48950011899866713
1076,0.8883065304920955,-1.576776721688385
1077,-0.05620561076986113,0.9534130942998726
1078,0.01323325829008454,1.3389000371939968
1079,0.6782338406343986,0.419520346616404
1080,-0.13690213082996686,0.9574461815637971
1081,-1.0567965006950455,-0.8563163855311869
1082,-0.9379438880730036,2.162817970512809
1083,-2.092709028618391,2.7336999889515154
1084,1.7868892590997159,1.9651925471270113
1085,-2.5146884423050273,2.1969626813257266
1086,2.150677043669205,-3.5587859918933447
1087,0.24048027689341106,-2.776221992919562
1088,-3.4260657573135336,0.7439039598664678
1089,0.22034988425107196,1.8826097836514293
1090,-0.8787374972318346,1.277723485105409
1091,-0.8194736621726936,0.8836202001652733
1092,-1.5781987894423206,-0.9147109580983039
1093,2.6728814177665283,-3.1449419344071843
1094,0.3889448279682045,2.316574445059082
1095,3.8803232615612933,-0.7932527687476777
1096,-1.1578600539150474,0.798720135670393
1097,-0.81171487530551,-0.794944155259963
1098,-3.079085064617008,5.129911265009566
1099,-1.8352556813315768,-1.381763435436718
1100,-0.6211923523990333,0.16755715131191876
1101,-0.06464932436756843,1.6735292548400473
1102,-1.3544227727199143,-0.34307013772263467
1103,1.4873614231827577,-2.2841316421335005
1104,2.7604585714023075,-0.4607673049047059
1105,-3.3902514874016174,1.563030401189989
1106,3.3086697917570267,-2.605153008558233
1107,0.6669832514341432,1.1760622832254475
1108,0.8656120299933195,2.3697606376919653
1109,1.8205933365330988,-3.668536692896246
1110,1.021535746331052,-1.697273870344196
1111,-0.3344307195025833,-3.852670377964937
1112,2.7636679824094195,1.112714484323618
1113,1.7313657259829498,-3.47802148948229
1114,-0.2795513554091847,1.622932649927749
1115,-1.8785934240719318,0.5864938584471888
1116,-1.4311411680863793,-0.892714246075862
1117,-1.436473774528343,0.07224238199738348
1118,4.154576964017644,-2.87607294947614
1119,-0.35092809535771097,0.44156679199246385
1120,1.6086185780487525,0.15694487127516435
1121,-0.49165530420709225,2.4519706358587956
1122,0.8882885309564797,-3.139415520769586
1123,1.9346139661267259,-0.08649847156934022
1124,-0.14732114287558873,-1.7409031326968127
1125,-2.562205403003511,1.3987181448185662
1126,0.9671284682396293,0.29796329593730114
1127,-1.855380883295618,-0.3689863277533731
1128,-0.02389656743682909,0.7554328149148352
1129,0.1730422090475128,1.5209662678326823
1130,2.7258151318886505,-3.6862880392402824
1131,3.3070895438245813,-2.1251780909674265
1132,0.8521402515232247,0.6975509072402859
1133,-2.166602862118063,-0.032625588248535294
1134,-0.03001902012017303,-0.7208045239302452
1135,3.901652451747957,-2.397393848397413
1136,-0.06770849457005387,1.967229343067595
1137,-0.8645233673991365,1.6319220732783455
1138,-0.8826928384573957,-1.7217175813764678
1139,0.685191074942149,-2.8162001635526206
1140,2.030217473416654,0.623904080519505
1141,-1.1035620068459726,1.1637319655405498
1142,-2.1201513103297236,-0.5695422797398345
1143,-1.6222142124603485,-1.5585620848104664
1144,2.3693824467252433,-0.9313952828196908
1145,-0.8425440873820412,1.793175653216884
1146,0.3218437802195596,1.518374881955677
1147,0.24101634049553006,0.9071234540869376
1148,2.0764730270562266,-2.444769194697206
1149,-2.344115735541342,1.7959475847504394
1150,0.30328858347384885,-3.0527681716435078
1151,2.286792517961083,-2.25032775378016
1152,-3.7009716691865915,3.214615250892131
1153,-1.0882490489299428,0.19420913277944976
1154,2.2201746770326083,-1.9692656722914816
1155,0.6977622252135891,0.8374101321443831
1156,0.5423571466274991,-0.1295585144699071
1157,-1.206058668357146,2.3060959472943314
1158,4.833728082426544,-2.657783471117228
1159,0.28760759347789233,2.5023267746289806
1160,1.8433943424308699,-0.308074844926119
1161,0.6251579970792162,-1.5377652840137725
1162,-0.07648611014693757,0.9769695989056246
1163,-0.6466031440149346,-0.025463687884479315
1164,2.790152127572532,-1.8437717520594055
1165,-0.8836712570597048,0.30227463017920214
1166,-2.138668739495617,0.9009999848042997
1167,-0.8399074794419468,-1.6111187489398353
1168,1.2154352125124228,0.3150994634207114
1169,-1.761985824379082,2.3560748181943145
1170,-0.5440897341699946,1.5786845634392015
1171,-1.7294102344853943,1.0480235290553896
1172,0.41250263212916016,0.38986379830952017
1173,-1.6656916732431366,-0.8917786970961575
1174,0.5083853514979749,1.4897333840694011
1175,1.8636302483564886,0.9195912611641908
1176,-0.7336716715330315,-0.01808779110723273
1177,-1.5114736314611892,2.745219654851241
1178,0.21105796281146338,-0.7024654094066262
1179,-2.0345230661111238,0.676256597762569
1180,-0.8476398560430243,1.3706114559129037
1181,0.7275158949515453,-5.002556124148094
1182,-0.08765521229735576,2.5494645040291344
1183,2.5512473469736574,1.4336788476881928
1184,-2.751037733718975,1.4260300331521456
1185,-1.6014415297662825,3.2893500503122426
1186,1.8335566931660245,-3.568591791936013
1187,-2.605337118192138,-2.009308254494738
1188,2.290198160216455,1.2106023542256665
1189,2.426043516238155,-1.176599314870128
1190,-0.047770140329111616,-0.9002129035019433
1191,2.494669502233486,-0.3606165414478947
1192,-2.2438266397492397,0.9552238219036173
1193,0.7164448761596495,-0.5258334125481567
1194,-2.1923941181011086,-0.646497573996945
1195,0.8423733055295094,-1.5126887195418572
1196,1.336685378105384,-1.2820589871308152
1197,-0.22314461117125275,1.91102359569797
1198,0.6518345926029485,-2.2179244998379155
1199,2.237667776588957,-1.9240987737679143
1200,-0.9613718798798413,1.7335530512736441
1201,0.08062526082253982,0.05872821746356486
1202,-4.649739212306848,7.35417566334929
1203,-1.1104707816564134,0.2482099658064023
1204,6.054646990187005,-2.890372301438147
1205,-0.8993251557407813,1.9356013990643883
1206,-0.15114814363285728,0.1993205976237012
1207,-1.8454943186634014,-0.628342633699372
1208,2.0836362621340507,0.8355632176154217
1209,0.2980106605193913,0.12918914176611554
1210,2.0291711997941837,-2.4315093538510166
1211,-1.5490865040137247,0.12609043874525244
1212,0.7023134714667281,-1.777827778806221
1213,1.5463828940822424,-4.344129741096335
1214,-2.0285174552142435,0.5011993137279729
1215,0.19878354982538124,-0.20800211727465256
1216,0.30704979103079194,1.2469853679985885
1217,-2.9380337825157974,0.8786641984710686
1218,1.5789260921592494,-3.0551432721751723
1219,1.4167227123018429,1.8446652903473553
1220,3.0296513385461212,-4.948005138331741
1221,-1.4353077675044188,-0.8092229362097588
1222,1.2866389204185946,-1.5315157461841424
1223,-1.9724116722794551,0.6590604935414964
1224,-5.414212011254182,2.7962003362747114
1225,2.0466972963402585,0.12156678641994312
1226,-1.115695002068233,1.8571412278772788
1227,-0.40093937995487944,2.0048726457241735
1228,3.105170056528082,-2.34860750963792
1229,-0.6773769254287431,-0.24054212308182107
1230,-0.5691440246985632,2.206345589463554
1231,2.036323331482167,-0.04138562117927488
1232,-0.6787378836725286,2.285202403232774
1233,-0.05180365850892316,-1.3383694996741637
1234,-4.981086436116605,2.7210522410008835
1235,0.9866512252839112,-1.2275686854080046
1236,-1.8013639787547684,1.238757856184656
1237,-1.1879646932223042,3.519898964666127
1238,-0.3421547614323864,0.07436322166213939
1239,-0.42807404104965835,-1.9148422589627607
1240,-0.41463725285479996,-2.0934824820518134
1241,-1.3334152956536727,-1.1274748631657834
1242,1.4976096141843156,-0.8375618739728729
1243,-2.3113518413821645,3.242207726588418
1244,0.5504525896667164,0.9291811998728321
1245,2.5532390646551604,-1.5939738931205583
1246,-2.6110832833307804,1.392905461635057
1247,-1.396197992197683,-0.6783944900304901
1248,-1.2252497603256232,3.180182387689699
1249,-2.348432598829867,-0.01644409758983648
1250,0.2392195294545489,-0.7135475926729176
1251,-2.7108217527621785,0.29783913759553415
1252,1.6658877816067916,-1.4682960815647494
1253,-1.8202752706160885,-1.2654976786606187
1254,0.15330967787146843,2.008318716197825
1255,0.5256881196770634,-0.6702547110180639
1256,-0.33707027046612237,2.3978224860291495
1257,-1.6532460912774205,-0.16534429203668483
1258,-1.8997249521205068,-0.4214170248038084
1259,-1.3838600698990025,0.11714303111508843
1260,1.2172556137871402,0.22814133378913615
1261,3.3874014594186446,-3.1095913375843924
1262,1.1418527557245288,-0.4749049867059716
1263,-0.8235091949701401,0.11988190951839879
1264,1.7032106825306983,-0.5339140212125251
1265,1.1804674471120395,0.5074905157505202
1266,1.3942647992582513,-3.115521422600622
1267,-0.12017242705996496,-1.2732461819119023
1268,-1.502135626433931,-1.735797879808894
1269,0.3409281644378571,1.9324765434899291
1270,-3.214489185999166,4.1894765626899515
1271,3.452278236663767,-1.7525588132629948
1272,-1.1770747236818135,-2.376114076312729
1273,-2.7502288729870017,0.19776525738318784
1274,-2.81043763947462,1.5595292214956322
1275,0.5326063772398496,1.4585650082450197
1276,-0.8421455498382296,-2.18558161068234
1277,-1.3077225840297244,0.010419753941776978
1278,0.012003907343582431,0.04453427651852091
1279,1.442140777558234,1.2470546557271998
1280,-0.8544697761858445,-0.5052468226743868
1281,1.7454589226724,-0.25505490054853547
1282,0.41100166562737595,1.4729450960613073
1283,-2.2033996990495957,-0.6921236844629192
1284,-1.989398426827818,1.395367149787418
1285,-0.5599740049821462,3.1140740039533044
1286,-1.9603431983823205,0.2813561807624222
1287,-1.0772600567671522,1.2262065366225474
1288,-0.34152605715029577,1.0832231132978825
1289,0.1158102689699841,1.7265377055270594
1290,-1.054351868169031,-2.9068343358925133
1291,1.571539785858459,0.026108880595619124
1292,-3.664545974650582,2.486458229818824
1293,0.6474299783172529,0.5778177892640249
1294,1.2095524555315196,-1.7040629373294218
1295,0.23715603041394384,-2.8263345874411825
1296,-2.4187659156120573,-0.8418299700440488
1297,1.7212481701151563,-4.130742891151127
1298,1.4331715086942534,-3.2059452575580885
1299,-2.498195627615147,0.12105055822861654
1300,-1.4110205079992097,0.48649899681066683
1301,0.032483329566327615,1.2706192924970112
1302,0.13956235302608197,2.075088227404718
1303,-0.35020172149666806,0.46919717851273357
1304,2.107229409746807,-1.1002908471880832
1305,0.7447217007519992,-0.193514083277648
1306,0.43381306938267417,1.3308475268832523
1307,-1.4531885003081542,-2.4824273057864907
1308,-0.10886457247633984,-0.9335382821484988
1309,3.97952225356729,-3.69259967705535
1310,2.9338164204370534,-0.38840540611448787
1311,-0.486973666863887,2.1707980233362787
1312,2.085571961756905,-3.3948853694474153
1313,0.8443473758114536,-3.09663588803136
1314,-1.7538404867917456,1.4131241925764213
1315,2.451755729721019,-0.8924875883677704
1316,-0.421249164068643,-1.5620174567593763
1317,-1.496071154295066,1.3343881610066357
1318,-0.7464195393743489,1.0417069727055255
1319,-0.8928491626911743,-0.6709584755894714
1320,-0.5207347770783376,2.096665010358521
1321,2.196425454777551,-0.6805797838441842
1322,1.1390034301974101,1.2139207260612426
1323,1.976664921545068,1.3097948348305108
1324,-1.8322325579718852,-0.5476254878172365
1325,1.6058996777533852,-1.10468125778654
1326,2.157186371723827,-0.26435329798123336
1327,-1.6824544653524311,-0.19498986385463501
1328,1.0811657090220723,-2.6993089913717476
1329,0.17694646822576732,-0.5839502278334672
1330,-0.5904048217862973,0.17950824265269028
1331,1.8344298935727243,-3.878545923827834
1332,-2.1324524453736133,0.6308450220852196
1333,2.9189158030216276,-1.7067754589938808
1334,-1.5403590652338734,0.022443503509734893
1335,-0.382488846453181,0.49712487560957086
1336,0.6293324201208496,0.5359863140029302
1337,-1.7728713302955117,1.1722519613575786
1338,1.4642251597594573,-0.09715893514244167
1339,-0.1025582271224324,3.117660358674933
1340,-0.4094168135824331,-0.27522941756207986
1341,2.5497790409267194,-3.9314191234134963
1342,0.4056679351324763,-2.1112677301431915
1343,-0.32117937984152817,1.0527795200030075
1344,-2.450862287468134,-0.5952470978532677
1345,-0.050644168732906315,0.6806394862027573
1346,0.9950712297592894,-1.344494279666168
1347,-0.832072692572508,-2.9353450862819432
1348,-3.37018672126007,1.6047596903133483
1349,0.7780283427448059,1.1122243562037526
1350,0.7457293303159932,-1.716469608071064
1351,-0.923681533568218,2.5893172233162436
1352,-0.6394667516550061,1.8575277110006585
1353,0.35502625145898287,1.2684386363058613
1354,-0.7898437280980286,-1.7805037961868855
1355,0.2815161800353222,-2.2479972537949426
1356,-4.05705491908495,2.1470608316696973
1357,1.2803126502663507,0.6739920376828512
1358,0.27629639231981046,0.4049582164409762
1359,0.4004638861703142,1.0892360970629298
1360,1.4447226057995972,1.147503837077396
1361,-1.0735434289713677,-0.843400440490942
1362,0.8291645497024368,0.02115427192088184
1363,-0.9340961991464339,-0.9010564424219847
1364,-0.3046613699684588,1.8234536350545645
1365,1.4826882308908857,-4.131321398793969
1366,-1.6895763468278466,0.053213290163960855
1367,-2.13870252954168,0.84233331666284
1368,1.7073190088559334,-4.51224388423084
1369,-1.3562308830033813,-0.0018547141125706485
1370,-1.1615503397584672,0.2490612846165092
1371,-0.6437578072982975,-2.1945114977089895
1372,1.580624921713305,-2.5878773269075435
1373,-0.43690579362214077,-0.4010676223998171
1374,-1.9950742003738253,0.35665781117328654
1375,-1.1466494523353314,-0.09507818078653421
1376,0.5695928766854181,-3.2573195183269026
1377,0.49111734274523244,-3.3319651220342172
1378,1.5173183625204496,-0.5860190063846024
1379,0.5442151063511267,-3.8709982817925948
1380,0.32985843149313515,1.47723875859731
1381,-1.124403642883194,0.3770837883213145
1382,2.393903629964471,-1.6769791056802574
1383,-0.8357607353080041,-0.4351481440431715
1384,-0.3558664664138908,-1.1432129786116558
1385,0.6570385335461761,-3.3952559169996186
1386,-3.3001847327336837,0.9861114596099595
1387,-1.5479828570324303,-1.1234942455052659
1388,1.4791144666614846,1.8029058011410666
1389,1.7296270122847026,-1.9920764689539363
1390,1.2523162291413727,-0.23933716509305375
1391,-0.089029785853872,-3.75568624028696
1392,-0.7631998495671309,0.7824379135688176
1393,0.0523717622794635,-1.9610129163349046
1394,-2.6693681190142735,4.482150643384048
1395,-1.5355841587917995,0.7562943584868451
1396,0.5408944053508614,1.2031671853689287
1397,1.4898888654176365,0.8091207193572985
1398,-0.28841263066571565,1.8499258530057834
1399,-2.823503043096521,1.584564789213794
1400,-0.14269653907604413,2.0235687801481044
1401,1.0976451594980887,0.9981220979722601
1402,-1.6769204977916403,1.100422772683599
1403,4.982995194683405,-1.774470306726411
1404,-1.564735665515152,0.9847492999480544
1405,-1.5444811118372763,1.1870186487289374
1406,-1.9864376179366625,0.6741344913886362
1407,2.070357293874345,0.04641555209127532
1408,-2.5821850065109793,0.24483917434144786
1409,0.778756509291655,1.081413751211537
1410,0.6766875114319012,1.2509749412373077
1411,-3.252570371677646,2.4636116994764468
1412,1.9992837062822981,1.3888167673928897
1413,3.003251718732884,-3.0230564751834024
1414,2.7701138469775355,-1.7058482751515487
1415,0.21615735853619927,-0.17335343877941925
1416,-3.863199930860385,3.460271200933068
1417,0.6910041160088849,0.5163529757416396
1418,0.4064648153879312,1.8499828836192567
1419,-0.023223063578840516,1.837144139923772
1420,-2.585320182904239,3.4534335650438517
1421,0.9012465900616997,-1.9962969131802966
1422,-1.2422034203718157,0.8301276419119918
1423,2.9494281537026406,-3.2917598354549003
1424,-1.6325741443379915,0.8983365809573232
1425,2.036455485003222,-3.8575632927289307
1426,-1.434222062685958,2.798730458686342
1427,-0.2961711657269977,0.3793196216956922
1428,1.48513898867094,1.0646593168547978
1429,-0.27054833790023736,0.3662990974337643
1430,0.5438569461520809,0.3231461924443458
1431,3.0122282954271697,-0.5356967286823223
1432,0.7491542290727398,0.7080639987832926
1433,-0.127769195512446,-0.6858637779110333
1434,-1.5478510682130546,0.9571569034751432
1435,-1.2668451911366447,-0.07293127501384926
1436,-1.5229572340495288,0.8527685658784088
1437,-0.8176618892981671,2.508215502926947
1438,0.09689495993767287,0.9233258794136125
1439,-2.509477852281623,-0.09198109744184642
1440,1.7321656762263808,-2.059855535272102
1441,-3.2705396744542723,2.774865831881238
1442,0.24170049935414348,-1.1011460832284503
1443,0.5778111957718697,1.7633835923691517
1444,1.3850789863209934,-4.0016763516957585
1445,-1.6744944169596223,1.767325412919789
1446,1.0666169863157036,-0.6090278356030489
1447,1.0579491320394647,0.41370323475776455
1448,0.37809566901637226,1.5622855939230995
1449,-0.3349910876428437,-1.3238855601526027
1450,-0.5496202010592812,2.5571245329107177
1451,-2.040686512163532,-0.6485585841543604
1452,0.6487902427198089,-0.5309782875653101
1453,0.4019614026014189,-1.9225354803587305
1454,-2.5742981625273194,-0.21156326774090506
1455,1.516360296221816,-0.5262203592397765
1456,0.18104412803442133,-1.0315037031280079
1457,-0.7709202606106607,-0.641772388271307
1458,0.7269289134812306,0.277097966840696
1459,1.206079799152058,0.6595377235941277
1460,-0.0811400477154999,0.5451445286371489
1461,-0.2399619369846,2.236955729214415
1462,2.7501093534909162,-1.0894036924047503
1463,-1.7170101775619147,1.1071235691564385
1464,-1.1443369094151208,0.4602600518688974
1465,3.2256407566251917,-3.372435309550494
1466,0.499332526673428,2.098285953277581
1467,-4.927100185041645,3.3729802367707684
1468,-0.9200112398115757,1.1468167826118352
1469,0.5297283498467686,1.5429833191343694
1470,3.024909383798346,-2.314701789466321
1471,-1.3159093562961814,2.5483389729393697
1472,1.8097611947582564,-0.5042909024168922
1473,-1.832781836717857,-0.033952256851752856
1474,-1.3281536136638434,1.3675244722308917
1475,0.4799051676301043,-0.7896296207687092
1476,-1.421793284302526,-0.7741245212405921
1477,-4.3579083143397135,2.485554221734912
1478,-0.9530895572267509,1.0182394257710154
1479,0.6570341770791445,-1.4868030787608262
1480,-3.3587978223718205,-0.006998851241525557
1481,-2.657654644552335,0.37410353195940005
1482,-2.093853555461641,0.8258311729167146
1483,0.9535761588418307,-0.5426216753221731
1484,-0.655384279419187,2.2717286577952134
1485,-0.7890750132555394,2.8378793491883116
1486,-2.1978307387469904,1.607427604744668
1487,-0.5609099966065623,0.0854921328522554
1488,0.09882085325780883,-2.308685078992764
1489,1.5632495186338995,-0.24958766978454044
1490,0.4662128415025083,1.3690367714160898
1491,-3.6630078338577463,3.9852621869702265
1492,1.4184692365274667,-0.011250264901109445
1493,0.08706600091848503,0.892857086214956
1494,-1.5554561472593897,0.08781615109989564
1495,-0.09171148854897,1.8716476546357823
1496,1.8809643382300103,-1.1349286959756724
1497,-2.0636629070263366,3.90694616266887
1498,1.152450107390595,2.3129868174289827
1499,1.9032762659914633,0.5833401290858843
1500,-2.8221034576928954,1.683366944070396
1501,4.458678473928987,-3.256717801311093
1502,0.8809636732619937,1.8876334124253615
1503,0.3007814567927967,0.8399382777279027
1504,1.455031693371935,1.801398899793628
1505,1.988810732263355,-0.9345085713320687
1506,-3.1467607634879857,1.8942059636031885
1507,2.002676361305675,-3.4284799026205293
1508,-0.9322231505398461,1.854851503944666
1509,-1.17509927893227,-0.4045608175361751
1510,-0.5907812609404858,0.6208257534270467
1511,-0.7916408671643469,0.3584409686047868
1512,1.6577055206450961,-2.000417773245321
1513,0.05993112720945961,1.6952589371098805
1514,-0.7465401218959539,1.4493249612817598
1515,-1.6724690131860829,0.22527379896787542
1516,-1.4231522624068504,-0.025264773394067717
1517,0.625785917517185,1.2880504832172222
1518,-2.0932535109106687,-0.06037788242518826
1519,-8.393011854146575,7.3889031936259775
1520,1.3279958107565524,1.0825241479993553
1521,0.7157109710216357,0.7418698531815393
1522,-0.3451163940542365,0.4169362862720974
1523,-2.4179311157410823,-1.2563958810568183
1524,1.0267294746274975,-2.7320009565403116
1525,0.2538139909064761,2.0146349640370906
1526,2.6030513595976204,-2.869830461491252
1527,0.6795229142524339,0.07814772969277557
1528,0.9220115967358355,1.2329538665783821
1529,-1.6755168990271734,1.098996258330772
1530,-2.1657393436139976,0.900462566439907
1531,1.1524048543587235,-1.2069723271029325
1532,1.3145796825302978,0.5543765055348979
1533,1.8368788354292607,-0.6900887761349621
1534,0.5435585606415166,-2.2794902137809423
1535,-2.368076564033539,-1.3590626564499717
1536,2.7315041508038846,-1.9432106025301084
1537,0.44382560472162164,0.12763975916911155
1538,2.4554398305387433,-0.6335392384401533
1539,1.2724146495599653,-1.431899590060525
1540,3.8697972238113976,-4.676351636627165
1541,-1.1686629054225737,2.891687507472652
1542,-1.4997778759568976,0.6204089395571984
1543,-0.4125350502071815,2.683747843572888
1544,-0.05861264501962296,-2.4930035430055657
1545,1.9182433685705764,-1.6613844681272991
1546,0.7733623201675285,1.0460815822376028
1547,1.1329732184855545,-1.2468892190117649
1548,1.2872753660084648,-2.902010498076383
1549,-0.9495024857022017,-1.8948788261890832
1550,2.0930568071159543,-1.6899435063553858
1551,1.4272323785651702,-0.2164087731578255
1552,-1.6016278400443702,-2.2471102859277825
1553,2.4314674394769304,-4.735735735101
1554,3.5340964648058586,-2.8561498305951103
1555,-0.7217249908667291,2.0107462436503587
1556,-1.3963337975106662,1.031854122075855
1557,-3.038647439959121,1.085513906093074
1558,1.2305527702841568,2.295817234211495
1559,0.6716709673717848,1.4354451590571642
1560,-1.175062732083788,3.1777959919379573
1561,-0.7207599479728191,0.04849526283212703
1562,3.8076151703765206,-3.308641340976394
1563,-1.3461128227736485,1.5297686024101247
1564,0.5831742126965137,-2.1548652850240337
1565,0.601169397732859,1.6051898080546678
1566,-0.6972529680192702,-0.21160970320392597
1567,-0.18884783867359037,1.9518071675091082
1568,-1.9023742166946118,2.6605160924069873
1569,-1.0450666447883437,1.2467530290762903
1570,-1.6880867473993484,2.4364297213372126
1571,0.6658848291445927,0.8043713010343582
1572,-2.431080393495958,0.0924311279565312
1573,0.4286828517497929,-1.989353161909793
1574,-0.3097970417822651,1.4639975650797559
1575,2.100047289266836,0.4453964635672872
1576,-2.4026654923023414,2.7074060265924733
1577,0.2826457692982095,-3.508508228454195
1578,-1.6631057599985084,0.5253937712613039
1579,0.7471860050270898,-2.73020621607887
1580,0.8258979573618641,0.6553617409607733
1581,1.4262829563982518,0.7105917265268898
1582,0.37001999768995,-1.6260399605053337
1583,0.35199321454353855,0.03149324385670602
1584,0.9046045098292442,0.6633770848087048
1585,-1.4191710997762947,-0.05889149952105098
1586,-0.9989222201129242,1.0166388004815303
1587,0.8291648968221498,-2.0187937633345805
1588,0.7056630194426811,1.894696122986538
1589,0.24706483373604113,-0.26361004929629467
1590,2.2704528136752744,0.5211507586803353
1591,-2.3703844120884696,-0.6643915337287306
1592,-1.7299498875859687,0.8306648207029471
1593,-0.6737896525691566,0.16469343954781815
1594,-1.3720237018581969,1.4818765301973653
1595,2.407706296682818,-0.9734624694356765
1596,-0.22891577449953782,2.31132505580821
1597,-0.6023964432448405,0.6984265275756766
1598,0.35835803871658434,1.5280971793167641
1599,-0.5188452748910288,2.075085995017867
1600,-1.4075005424054645,-0.07185940568844815
1601,1.7773486641905145,1.698387578473519
1602,0.5270814446225991,2.093724481392564
1603,-1.4355412710418332,0.9696358104401421
1604,3.627064441634254,-0.2426381619902591
1605,-0.3589292537782017,2.0473017366063258
1606,-2.333385484537077,-2.1668206177944844
1607,1.5336019123723128,-0.8469478293895882
1608,-1.4281834012427221,1.1930829071872775
1609,2.938384474162675,-0.24714033528165358
1610,-0.47726255375153204,0.8379417010561131
1611,-2.824321366062683,1.352940483146783
1612,-1.2359266645538391,-0.0661213293757734
1613,1.418451385150842,-3.210841493029637
1614,0.019860924685029376,-3.1042296334523867
1615,0.8877445119599671,-1.8043958596057288
1616,2.1683202519661546,-3.476502752062456
1617,2.6456947037691037,-1.7358909074330366
1618,0.6812148421931393,-3.294828227621405
1619,-0.9527056545547621,-1.4535062493999826
1620,-0.4738637113451522,2.9845688157226493
1621,0.2400196342740429,2.280323259989006
1622,0.5051894039866258,1.293263317132426
1623,3.07324552464462,-1.0153779035620378
1624,3.113162728095559,-1.6825621619544606
1625,-0.6287201785128225,1.7730597276244857
1626,2.2784109815329305,-0.28881195250749575
1627,1.51210170970095,-0.5537066621117787
1628,-2.0678769089669293,1.479781509117217
1629,-1.7583054318332934,-1.160726172160631
1630,-0.8047540793800805,2.5283211192839117
1631,-2.714308750292717,0.8513262258432361
1632,-0.4762656792664668,2.3062315274714
1633,-1.4977603291106758,-1.2203698842485988
1634,-0.37460192589985813,0.3378290625338754
1635,-2.3374625990476314,1.1412561233154532
1636,-1.6511331872089883,0.22365591189887304
1637,-1.3191720410891716,-0.06343600382761803
1638,-2.461560278867311,0.17904993939456806
1639,-1.35218565826305,-1.2859169339878527
1640,2.110862268594333,0.21308860471686614
1641,0.9736485259212506,-1.027373620870837
1642,-1.2569749783014779,-0.24554042287110087
1643,-2.78200988576946,-0.2801081857456934
1644,2.3588072967143914,-0.8921157972779771
1645,-1.056979042914226,0.1893198123501618
1646,-0.0006302754443939259,0.8633350630212147
1647,3.0446770073648026,-1.2901084395088203
1648,1.1733925135765526,0.7996076404343546
1649,-1.3833830498379691,1.718572355755123
1650,-1.350044181728812,1.913315899335194
1651,1.5020625038981297,-1.6957623970449018
1652,-2.9927242264817244,1.6409107288243483
1653,0.29224521769802386,1.6490900693702553
1654,1.69636227948241,-4.464698459418767
1655,-2.961296577538917,-1.5743617605915519
1656,-0.6058925662518613,1.3201540395299871
1657,2.595277422873136,-1.8508450980516367
1658,3.517197677759688,-0.6854361622621304
1659,-0.2924706362632885,-1.3029976379197223
1660,-0.9718601264194046,2.694659779483532
1661,-1.9963272942453643,0.762482552899804
1662,-1.7029736774940678,-1.4206122948655846
1663,-3.971285630813562,2.087978916678463
1664,-0.5609153379968125,-1.4565914942793015
1665,-2.7737987363917913,2.3003387137004787
1666,1.4517991415344302,-1.802308864767744
1667,-1.208199060412572,1.9751693634305758
1668,3.7967249727092915,-2.782859511281567
1669,0.4539129308438811,-0.05836236628901692
1670,1.5434428088394414,1.6368833283381579
1671,-0.7185930879286312,-1.5413831547064945
1672,2.460601669648123,-0.10704861898298125
1673,0.2357296705352247,-1.6528301223435693
1674,-0.6767179090273384,-1.668823140950292
1675,0.1845567847806691,-1.601608670710164
1676,4.2697420205620595,-0.5441345445177763
1677,4.821518808353992,-1.2779184977700064
1678,0.8465394777924651,-3.430067692758996
1679,-2.485143872970142,1.0631290950813217
1680,3.30122032527812,-0.19007544871120885
1681,-3.185228532537339,0.8434344959798775
1682,3.077811416125437,-2.5052808078406357
1683,0.3405514012755236,1.3001806934967752
1684,0.16684062689241652,1.8730360121828158
1685,-0.28768826498314287,1.9123827851343753
1686,-0.804529810008473,0.2778860370324289
1687,-0.5238391739261657,-0.3403759133129522
1688,0.17122957498305977,1.2986489944791046
1689,0.3979527449763726,-2.3764970177777305
1690,2.0882697277570186,-2.434520663573167
1691,4.082147264977016,-2.329750043613695
1692,-1.9744687941495536,3.348615912255626
1693,1.6134008632980454,-0.009179428589419333
1694,0.7062471205277697,2.154127713339628
1695,-1.7860138073177332,1.140981391443369
1696,-0.7324626245578675,0.31137329132248853
1697,0.9460815244739752,1.3263850508664543
1698,0.38083686542847905,0.20425155560006333
1699,-1.2352136908756342,1.2978321376262167
1700,-0.5608324530551971,-0.2050254741589306
1701,-1.820103136785524,-0.5807306701124302
1702,-1.01257649646696,-0.8437086791499352
1703,-0.7237395651135081,1.2996682338826142
1704,-0.06183950396747867,1.8052135957018094
1705,3.8592132057654864,-4.270950351272259
1706,-0.6569532739213321,2.2427146379067615
1707,-1.1531475026294644,1.1934749618683766
1708,0.6475039749483453,-4.637692503799594
1709,-0.6974030690172653,1.1949181690156556
1710,-0.6806188737818732,1.8824687707795125
1711,0.41288621271421205,-0.9145308104289374
1712,-0.6257890525896226,2.395133454377697
1713,1.9295918017662197,0.4487680332489198
1714,-0.10491985325372702,1.587391884379421
1715,-0.1675374760348417,0.11583056614584392
1716,-1.1898257068423825,0.4729434900954864
1717,1.1316730193282056,1.5396591808154572
1718,-3.427994803435636,0.0770579000152487
1719,2.4225060226887325,-4.641664657369602
1720,-2.1236612516520115,-0.1602912942972785
1721,2.6911548024229863,-2.371566453624647
1722,-1.3049619663974585,0.5663979256251583
1723,-0.8449202520782211,-0.6708045530924663
1724,-1.6605266568854287,0.7430437532121563
1725,0.3108841728044043,0.7688017438517927
1726,-0.08148751870561141,0.07508158602427717
1727,0.5882018010999148,-2.710939794692047
1728,-2.596220796060207,0.24709309301373927
1729,0.20177273184101577,1.2699181239012736
1730,2.10952719240874,-0.6372673530339701
1731,1.2015752579122945,-2.816797507460399
1732,1.6189088964115532,-3.44719795347955
1733,1.7606901433098314,-0.2870638070810201
1734,3.8820881211914493,-2.649470097554025
1735,2.0308027580215424,2.6380524286638622
1736,-0.14787507172945286,0.3525584423971767
1737,0.9112927749391934,1.2326853563002
1738,0.8804760048726149,1.8629039572355834
1739,0.2726327791380873,1.8601608309610649
1740,-0.43253902881166756,-0.3585650651151753
1741,0.14782458682660682,3.429833871648328
1742,-0.4343154514505624,3.6221505908951652
1743,1.8214488176531567,-0.1413084921486918
1744,-1.648040838585488,0.3561523442727163
1745,-2.0119358863880863,4.04835710872296
1746,1.2420225337334725,-1.0058311242973001
1747,1.0522059619768425,-3.6623556280271763
1748,-0.8782518981817665,0.8164040832024718
1749,1.8055801662210829,1.33444342609245
1750,-1.6574610966181145,-1.3868676244878217
1751,1.2171907302693163,-0.11433238569197453
1752,-0.781237984599261,0.10118229373322678
1753,-0.9940771667170879,1.7223426801023547
1754,-1.9190355775736188,0.5359083334584195
1755,-1.548275758486877,0.8219942814981127
1756,4.246185383217567,0.5315179853194943
1757,3.3175792865287157,-2.766647156778007
1758,-3.7670762630691614,2.372186270593101
1759,3.4012120258761946,-2.193588873214195
1760,1.6517999190753894,-1.6432719595748666
1761,1.4060294943624678,-5.335373921307154
1762,2.6205467817143124,-2.6147272994629907
1763,-1.6083670548270639,0.8382629762575474
1764,-2.4568595434834846,2.722736892033658
1765,1.6527816888752493,1.5016970301364563
1766,-2.375115128602292,0.8620048592119827
1767,1.3249218040110236,1.0153629164440048
1768,1.3795692504640542,-3.5899929831732154
1769,-0.9455366358494329,-2.045073840945925
1770,-1.0052526945950482,2.9712690101358215
1771,-1.906265210436485,0.395293938056699
1772,2.0048571562376902,-3.020707534811515
1773,-0.7694314052008026,2.01952675408139
1774,-0.939960414315684,0.25726544438255916
1775,2.28829645378836,-1.3893284405259307
1776,1.1359368976533266,-0.49880168817570286
1777,-0.45217975847071645,2.0727598465734736
1778,1.157630013202765,-2.127479391900708
1779,4.808602821751586,-4.481303760232079
1780,0.7065965964050078,-0.8252573465672327
1781,-0.25200412987858667,1.937618305134441
1782,-1.7086006044886572,-0.12365244443804087
1783,2.2487245133078275,-2.090910732462711
1784,2.094812831252884,-1.5384792402541625
1785,3.0192962325172568,-3.269579210622967
1786,3.161140948234846,-1.735027034753478
1787,-0.8850922123567169,0.22090782580017113
1788,-1.0565697202048272,-1.7192592385308603
1789,0.7960384108030485,-3.9061016841517975
1790,-0.22048651273314585,4.2513450903198144
1791,3.463658497343602,1.7415878931822437
1792,-1.616017657172593,-0.9479778079659155
1793,1.9907238576111002,-0.8124883655100353
1794,-1.0629411697249138,3.5736087580641898
1795,-0.2462196435083491,1.8939601613874577
1796,-1.7035441531465263,2.564610172852023
1797,3.4030919356727,-3.8518191383466256
1798,-1.4957014211242954,1.1252214156671005
1799,-5.831379787919753,4.15747335294634
1800,2.810434013224341,-1.0209674476582156
1801,2.574335356112286,-1.8792309420127815
1802,0.9776417330015204,-1.1465671478945185
1803,-0.6537750285762489,-0.22436709365760632
1804,0.32558865335665543,-2.7120571454531763
1805,-0.5930279229342423,2.3220617740006664
1806,3.065952722175772,-1.650942192240843
1807,-1.7852650503071956,0.35634106778589886
1808,0.7675148876908234,0.8091450905140477
1809,0.23753939640963145,1.8854061370668507
1810,-0.5887953900613496,-0.10052139204530058
1811,-3.064926228997189,2.776977818171875
1812,0.5641252021717261,-1.2538238467026357
1813,1.0015963700594972,-2.3161017577277936
1814,-2.8342433909074054,0.05265506675173188
1815,-0.8301736212029015,0.9542095714676224
1816,-0.43793027377009874,2.260239632167768
1817,0.018580241423541737,1.3736874560136452
1818,-1.2686522103553242,3.089351568197394
1819,0.1790621012400303,0.8617897977520725
1820,1.4771107869217246,-2.0332380632434752
1821,-2.593293979350314,1.2842391096273567
1822,1.1325203004629518,0.4936217836829917
1823,0.18193747127887375,2.3440501975023738
1824,2.293324981161096,-1.3726142882988654
1825,0.9095681333843699,-1.8689428244609974
1826,-3.1951219223117358,1.0134707876343023
1827,-2.528432584583557,0.8528770407187385
1828,-0.3606565742121597,2.8425712211685497
1829,-1.726901815719156,-0.30903438799934463
1830,0.25229745988235236,1.6019266974039823
1831,-0.7102569871294748,-0.055530665250251875
1832,-2.690670778065797,1.5215712463531461
1833,3.5477677278357547,-2.2805091930962833
1834,0.071809211449127,0.6195778539300216
1835,0.20233907678191054,-0.06254000991924853
1836,3.0662628174420394,-1.8644383134209015
1837,-2.847076992306829,0.6792306749485427
1838,-1.5239790930839283,-1.3810511311770952
1839,1.1420699592746426,-0.756376589514333
1840,-0.8421758545071536,1.1944988265423775
1841,-2.0046334644866075,-0.9920527557051074
1842,-0.9412645200369664,-0.5230546312012331
1843,-2.573908181786565,0.3225364714478348
1844,2.4145999558627507,-1.7413697280011964
1845,-1.4731198635835632,0.8952801631898252
1846,1.2995511739391818,-3.606099011535269
1847,0.5952238431121784,-2.284621290936514
1848,-5.176968694887396,2.5060175359432866
1849,-2.2094959597871093,1.3436066308116537
1850,-2.7905012772088855,3.023467400993943
1851,-1.9642022211099466,0.5920422697967062
1852,-2.149564389944058,-0.8724912218187568
1853,0.5176101500914214,-0.8269764086706433
1854,-1.6902006566410037,0.16531731696082677
1855,4.474878760991487,-3.6260595705764325
1856,-0.8998470639447758,0.9989381742235838
1857,-0.5746618561386195,1.7230576830841975
1858,2.4361783401159975,1.9935855602307264
1859,1.728254516163797,0.1652927003831237
1860,-1.4633594021048626,0.7721375879420722
1861,-1.4299762252815669,0.7970269990167506
1862,-2.5307936916041327,-1.064794891348324
1863,1.0744993201395898,1.2711594580375072
1864,1.4077283739065136,-2.5108663569510217
1865,-2.0849981159034856,-0.16410862920438815
1866,1.8610662030194405,-3.090216006622898
1867,-2.1026693686317346,1.666310417887807
1868,1.0834421022553602,-0.18546019402170505
1869,1.6046481191901913,1.2963167061325969
1870,-0.5619229050628587,-0.12175636399645243
1871,-0.6442391280478904,0.7004597462338173
1872,-2.2236475001389193,3.558999925754006
1873,-0.2393839250142345,1.6336285975513893
1874,-1.6504487470921945,0.3828778942704283
1875,-0.393669329064584,1.0341573991827897
1876,1.5977398219353574,-4.258293028418162
1877,-1.5674778532715017,-0.8206116049019293
1878,-1.383276742952413,0.3166515665074935
1879,-1.203377210894887,-0.2047966182253186
1880,-0.2915666818670791,1.2511732689738957
1881,1.0784750846733069,0.9369591883729163
1882,-0.3258279552994013,2.4485939664796086
1883,0.8587320905737269,2.4361093497423116
1884,2.9255036830126375,-1.1988303371620026
1885,2.0658341845353516,-0.4174485660610024
1886,-0.3652846964661584,0.4980333934820029
1887,-0.7879498230565435,-1.2329371469058419
1888,0.26512130129473827,-1.3920810816232274
1889,0.6631032502506704,-2.67030512255237
1890,-1.6817129488014915,0.28759277478545814
1891,-2.565970280092939,0.30010704851535525
1892,0.32227051153507175,0.716148079478356
1893,0.7433530366681251,1.0806018682109437
1894,-2.5823016818694597,1.3022177771405152
1895,-1.1514171415857182,1.352806753361239
1896,-0.43224817466809873,2.0514423870099394
1897,-0.020018525505599648,0.4237102279792108
1898,-1.4828590119019744,-0.8183121488505424
1899,0.9964537007835449,-2.558563204849835
1900,0.4131164907339774,1.2088972340314728
1901,2.4105245934010986,-4.557472145360017
1902,-0.0319813763938704,-3.621031770011601
1903,-1.3893202378000047,1.5405094063327478
1904,-1.3693170916370963,3.095294535906831
1905,-0.5341579874142185,1.3203259678676464
1906,-1.536360077555912,3.604783324431638
1907,-1.8262758792134806,0.5929197389224796
1908,-1.5927939472163413,2.2167905336931475
1909,-0.0017622225008244174,0.5807631103846348
1910,-2.5572832102871716,-0.06316372960243563
1911,-3.3775457798727375,7.215497510234515
1912,0.0613987283128915,1.7740378934725503
1913,2.0985674837898887,-3.4523482124237974
1914,2.42373593719859,-1.245329164845957
1915,1.5135668708987438,0.6606942858543879
1916,-2.111749524381326,-1.5968379963267423
1917,-0.7427667808101446,-2.1052434976285133
1918,1.1289740100606547,-2.329008706831258
1919,-2.7278425666114647,2.48521489718037
1920,0.09845895582939804,1.0773190573264606
1921,2.4407075967077527,-2.408411838060278
1922,0.21898646296504776,-4.5902814624119435
1923,-2.055187327444448,0.6938780876051454
1924,1.205179674611958,-1.9349727615211894
1925,-0.832762683141433,2.7943898585146996
1926,0.3041340319244404,1.3522542808101299
1927,2.8747896349799915,-0.3206275743607331
1928,-2.3323432975681264,0.30426680386871124
1929,1.4291334559332816,-0.9314845320946962
1930,2.783276805629764,-2.4577743277942568
1931,-1.3341450619946214,-0.25023163037866447
1932,-0.3953112587516043,1.9199922184026705
1933,1.556749553293775,-4.777236233980854
1934,0.3665368308246897,0.8793701517959973
1935,3.578097941754798,-2.495275841014151
1936,-0.7295014546044554,0.5024003435906981
1937,1.9682916006647018,-0.4794947959494474
1938,-1.467169928962592,-1.21186422489979
1939,2.004918770542224,-0.4820688306073335
1940,0.5459915796625817,1.254265870218391
1941,-1.702637574338154,1.8085438697610503
1942,1.3207680319101744,-0.7888210967133055
1943,0.6031376097695669,-1.8145255372275206
1944,3.3560352476188435,-3.4203240079882677
1945,0.5389939157200113,2.482538770757014
1946,-1.4691656773741875,-0.8050346319549729
1947,0.45696389502161144,-0.5762469547516419
1948,-1.1989953916636715,-0.12399158535754597
1949,-0.05543505243613577,1.8004322719529275
1950,0.7605263799864376,-0.7763030429231003
1951,-1.0731653879437009,-2.4660988203730154
1952,1.8817587265702436,0.966695738544022
1953,1.0284395088630596,-2.606434594119605
1954,3.817496361457278,-2.0933248232686528
1955,-0.3024816188257194,1.5450862092313782
1956,-1.0957612531451617,-0.8998313182207494
1957,1.1334833997235187,-3.8788287259192633
1958,0.3365663354032327,0.09567523137386919
1959,-0.21107591590553806,1.97612849941693
1960,0.3608560464663577,1.615354257405842
1961,-1.204706064152783,0.2554757500518382
1962,0.4398115706389525,-2.3052777156007576
1963,-0.3539155808910739,1.470297788380008
1964,-1.5238897288639026,-0.7297298549289392
1965,-6.0632040019591775,3.440104055744527
1966,-0.5758438982480382,2.1707538581466266
1967,1.287912297040441,0.09559672525351938
1968,-0.1952173281237987,0.8400656089025103
1969,0.010783132406520606,-0.004056935964419182
1970,-1.3410429920433835,3.6124088456992967
1971,-0.5808840867139501,-0.4153033226361159
1972,1.4045542054593794,-1.8195798124617495
1973,0.34433784777267507,-2.8390968883994683
1974,2.227035927647308,-0.5430038474233928
1975,2.0737081318766233,-0.47791477683601774
1976,-0.7858783561437958,2.5911093566418573
1977,0.04164677636105111,1.4309164279288045
1978,1.164914294563753,-3.038835339952295
1979,-0.9204640315123082,2.500547820985196
1980,-1.5688880859971326,0.5452270168988876
1981,-2.0905602157709198,1.4767019306134603
1982,-0.4271101985069304,1.0061057202924166
1983,-1.2463997603679993,-1.299125925316512
1984,-0.8529541683591879,0.1021192654564589
1985,0.20029269909902758,0.49914965071257006
1986,-2.3377154176283863,0.9639124930917065
1987,-1.666431338370675,-0.024636082105641378
1988,-0.7243584344148303,1.4659469989086493
1989,1.419664928798345,-0.20575734979836857
1990,2.1155886623543827,-2.7155572304983315
1991,0.7960875507574752,1.3834775376073105
1992,0.2591569304043512,2.0581952721359187
1993,-1.5945999218671831,0.026182340462922213
1994,-0.6836305773739433,1.2778231833033633
1995,0.11623582112560094,0.8885264785635922
1996,-0.7805381448641021,2.703554372819919
1997,-1.8883503775939474,1.1448808495113076
1998,-1.367005290403285,-0.11197808646865925
1999,0.31577929950599903,1.781209486514862
